0,1,2,3,4,5,6,7,8,9,10,11,12,13,14,15,16,17,18,19,20,21
0.5797039587458725,-0.5279274320282534,0.7969939169537111,0.2994764066077864,-2.3682684924167514,-0.1693527818530651,-0.4747998076734412,0.0,1.0,0.0,1.0,0.0,0.0,1.0,0.0,1.0,0.0,1.0,0.0,0.0,1.0,0.0
-1.084354163644034,0.8511307405440091,0.8318251634680768,0.2994764066077864,0.422249421128568,0.18446813578294774,-0.28000253811014036,0.0,1.0,0.0,1.0,1.0,0.0,0.0,0.0,1.0,0.0,1.0,0.0,0.0,1.0,0.0
-0.7848667933218108,0.2776176592520523,0.17003147969512766,0.2994764066077864,0.422249421128568,-0.19483808204293399,-0.3149711966398663,0.0,1.0,0.0,1.0,0.0,0.0,1.0,0.0,1.0,0.0,1.0,0.0,0.0,0.0,1.0
-0.6656464012990553,1.3545964225942,0.5880064378675166,0.2994764066077864,0.422249421128568,0.9205685562669936,0.240193926337064,0.0,1.0,0.0,1.0,1.0,0.0,0.0,0.0,1.0,0.0,1.0,0.0,1.0,0.0,0.0
-0.9306604052532528,0.1383984532590429,-0.004124752876701076,0.2994764066077864,0.422249421128568,-0.41613543869162867,-0.41198190232058385,0.0,1.0,0.0,1.0,1.0,0.0,0.0,0.0,1.0,0.0,1.0,0.0,0.0,0.0,1.0
-0.6053180101550103,0.27849325174257433,0.37901895878132214,0.2994764066077864,0.422249421128568,-0.08779982124548472,-0.3108284508782925,0.0,1.0,0.0,1.0,0.0,1.0,0.0,0.0,1.0,0.0,1.0,0.0,0.0,1.0,0.0
0.5394850313165093,-0.20570939551613115,-0.5962559436209187,0.2994764066077864,0.422249421128568,0.11948062029878212,0.25998273298426927,0.0,1.0,0.0,1.0,1.0,0.0,0.0,0.0,0.0,1.0,0.0,1.0,0.0,1.0,0.0
-0.22754737037206219,-0.31603404932191215,1.075643889068637,0.2994764066077864,0.422249421128568,-0.4411959838783331,-0.6864954215769722,0.0,1.0,0.0,1.0,0.0,0.0,1.0,0.0,1.0,0.0,1.0,0.0,0.0,1.0,0.0
0.00012048668344075891,1.3397113502553248,0.9711501495255398,-2.442717196065924,-2.3682684924167514,1.2998747740928753,0.30286823538469304,0.0,1.0,0.0,1.0,1.0,0.0,0.0,0.0,1.0,0.0,1.0,0.0,1.0,0.0,0.0
-0.8811049410992158,0.5801348647274279,1.1104751355830027,0.2994764066077864,0.422249421128568,0.041750454719682056,-0.4317074940044499,0.0,1.0,1.0,0.0,1.0,0.0,0.0,0.0,1.0,0.0,1.0,0.0,0.0,1.0,0.0
0.15812341587022516,-0.5279274320282534,0.4138502052956879,-2.442717196065924,0.422249421128568,-0.4186839687106156,-0.5309731513207029,1.0,0.0,1.0,0.0,1.0,0.0,0.0,0.0,1.0,0.0,1.0,0.0,0.0,0.0,1.0
-0.48537942299958764,-0.2932686445683383,-1.3277121204225995,0.2994764066077864,0.422249421128568,-0.5715957698498288,0.06521479454621293,0.0,1.0,0.0,1.0,1.0,0.0,0.0,0.0,0.0,1.0,1.0,0.0,1.0,0.0,0.0
-0.11909990533931473,-0.5279274320282534,1.1801376286117342,0.2994764066077864,0.422249421128568,-0.5826393999321053,-0.780651159181996,1.0,0.0,1.0,0.0,0.0,0.0,1.0,0.0,1.0,0.0,1.0,0.0,0.0,0.0,1.0
-0.6563098645743817,0.042083279301615054,-0.35243721802035854,0.2994764066077864,0.422249421128568,-0.34732512817898276,-0.23785901995657682,0.0,1.0,1.0,0.0,0.0,1.0,0.0,0.0,0.0,1.0,1.0,0.0,0.0,1.0,0.0
-0.09324488056329547,-0.5279274320282534,0.6228376843818824,0.2994764066077864,0.422249421128568,-0.567348219818184,-0.6705296090503102,1.0,0.0,1.0,0.0,1.0,0.0,0.0,0.0,1.0,0.0,0.0,1.0,0.0,0.0,1.0
-1.230147775575476,-0.5279274320282534,-1.5018683529944281,0.2994764066077864,0.422249421128568,-1.2397353898275578,-0.6023097517433099,0.0,1.0,0.0,1.0,0.0,1.0,0.0,0.0,1.0,0.0,1.0,0.0,1.0,0.0,0.0
-0.00347048897989525,-0.5279274320282534,0.2048627262094934,0.2994764066077864,-2.3682684924167514,-0.5142538444226239,-0.5393246057792022,0.0,1.0,1.0,0.0,0.0,0.0,1.0,0.0,1.0,0.0,1.0,0.0,1.0,0.0,0.0
0.3685545897417153,-0.5279274320282534,-2.233324529796109,-2.442717196065924,0.422249421128568,-0.2942307527834226,1.5947046875576627,0.0,1.0,0.0,1.0,0.0,0.0,0.0,1.0,1.0,0.0,1.0,0.0,1.0,0.0,0.0
2.5188308169473173,-0.5279274320282534,0.7273314239249796,-4.270846264515065,0.422249421128568,0.9774857266910342,0.2166216808804195,0.0,1.0,0.0,1.0,0.0,0.0,0.0,1.0,0.0,1.0,0.0,1.0,0.0,0.0,1.0
-0.1392093690539964,0.19005841019984512,0.23969397272385914,-2.442717196065924,0.422249421128568,0.10206566516903838,-0.14076362938834572,0.0,1.0,0.0,1.0,0.0,1.0,0.0,0.0,0.0,1.0,1.0,0.0,0.0,0.0,1.0
0.5466669826431813,-0.5279274320282534,1.1104751355830027,0.2994764066077864,0.422249421128568,-0.18889151199863125,-0.5564196929239024,0.0,1.0,1.0,0.0,0.0,0.0,1.0,0.0,1.0,0.0,1.0,0.0,1.0,0.0,0.0
0.05326692650081369,-0.5279274320282534,0.3093564657525906,-2.442717196065924,0.422249421128568,-0.48069819917262985,-0.5442853261168225,0.0,1.0,1.0,0.0,0.0,1.0,0.0,0.0,1.0,0.0,1.0,0.0,0.0,0.0,1.0
-0.7848667933218108,1.133947114982638,0.5531751913531509,0.2994764066077864,0.422249421128568,0.6359827041467913,0.08081346228728628,0.0,1.0,0.0,1.0,1.0,0.0,0.0,0.0,1.0,0.0,1.0,0.0,0.0,0.0,1.0
-0.3517951283234881,0.04120768681109298,-0.840074669221479,0.2994764066077864,0.422249421128568,-0.16807851684357167,0.15396887040017407,0.0,1.0,0.0,1.0,1.0,0.0,0.0,0.0,1.0,0.0,1.0,0.0,0.0,0.0,1.0
2.5669498908360198,-0.5279274320282534,0.8318251634680768,0.2994764066077864,0.422249421128568,1.0059443119030544,0.19173065248046706,0.0,1.0,1.0,0.0,1.0,0.0,0.0,0.0,1.0,0.0,0.0,1.0,0.0,0.0,1.0
-0.3812411287628434,0.3419737073054245,0.23969397272385914,-2.442717196065924,-2.3682684924167514,0.1063132152006832,-0.13795424185020358,0.0,1.0,1.0,0.0,0.0,1.0,0.0,0.0,1.0,0.0,1.0,0.0,0.0,0.0,1.0
-0.9902706012646305,0.08411171884667448,-0.6659184366496502,0.2994764066077864,0.422249421128568,-0.5040597243466763,-0.23487811191610605,0.0,1.0,0.0,1.0,0.0,1.0,0.0,0.0,1.0,0.0,1.0,0.0,0.0,0.0,1.0
0.5150663968058244,-0.5279274320282534,0.9014876564968083,0.2994764066077864,0.422249421128568,-0.2075807321378684,-0.5211868706123829,0.0,1.0,0.0,1.0,1.0,0.0,0.0,0.0,1.0,0.0,1.0,0.0,0.0,1.0,0.0
0.36424541894571205,-0.5279274320282534,0.6925001774106139,0.2994764066077864,0.422249421128568,-0.29677928280240945,-0.5243574038462679,1.0,0.0,0.0,1.0,1.0,0.0,0.0,0.0,0.0,1.0,1.0,0.0,1.0,0.0,0.0
-0.5801811805116582,0.35466979841799456,0.2048627262094934,0.2994764066077864,0.422249421128568,0.0009739744158918582,-0.195475818948722,0.0,1.0,0.0,1.0,1.0,0.0,0.0,0.0,1.0,0.0,1.0,0.0,1.0,0.0,0.0
-0.3115762008941248,-0.5279274320282534,-0.14344973893416407,0.2994764066077864,0.422249421128568,-0.6964737407801863,-0.5722716473878723,1.0,0.0,1.0,0.0,1.0,0.0,0.0,0.0,1.0,0.0,1.0,0.0,0.0,1.0,0.0
0.5078844454791525,-0.5279274320282534,1.1104751355830027,0.2994764066077864,-2.3682684924167514,-0.21182828216951322,-0.5688220110484887,1.0,0.0,1.0,0.0,1.0,0.0,0.0,0.0,1.0,0.0,1.0,0.0,0.0,1.0,0.0
-0.9723157229479504,0.5770702910106007,0.8318251634680768,0.2994764066077864,0.422249421128568,-0.015166715704358428,-0.39464297222471395,0.0,1.0,0.0,1.0,0.0,1.0,0.0,0.0,0.0,1.0,1.0,0.0,0.0,0.0,1.0
-0.09109029516529386,0.9728380967265768,1.5981125867841233,0.2994764066077864,0.422249421128568,0.889986196039151,-0.11985322770544567,0.0,1.0,0.0,1.0,0.0,0.0,0.0,1.0,1.0,0.0,1.0,0.0,1.0,0.0,0.0
-0.5787447902463239,0.311327970137152,1.4587876007266602,0.2994764066077864,-2.3682684924167514,-0.04022726089106282,-0.549529516188021,0.0,1.0,0.0,1.0,0.0,1.0,0.0,0.0,1.0,0.0,1.0,0.0,1.0,0.0,0.0
-0.7970761105771532,0.5516781087854606,-0.4917622040778215,-2.442717196065924,-2.3682684924167514,0.06383771488423508,0.1548055502975733,0.0,1.0,0.0,1.0,1.0,0.0,0.0,0.0,1.0,0.0,1.0,0.0,1.0,0.0,0.0
1.3101084086684167,-0.5279274320282534,1.354293861183563,2.1276054750569267,-2.3682684924167514,0.26262305636521227,-0.37275660920470205,1.0,0.0,1.0,0.0,1.0,0.0,0.0,0.0,1.0,0.0,1.0,0.0,0.0,0.0,1.0
-1.3005308985768615,0.44923378739437825,0.10036898666639617,0.2994764066077864,0.422249421128568,-0.3333082130745548,-0.38695962398086503,0.0,1.0,0.0,1.0,0.0,1.0,0.0,0.0,1.0,0.0,1.0,0.0,1.0,0.0,0.0
0.4116462977017474,-0.5279274320282534,-0.21311223196289555,0.2994764066077864,-2.3682684924167514,-0.2687454525935537,-0.23233547430582788,0.0,1.0,1.0,0.0,1.0,0.0,0.0,0.0,1.0,0.0,1.0,0.0,0.0,1.0,0.0
1.6821334873900273,-0.5279274320282534,1.0059813960399056,0.2994764066077864,0.422249421128568,0.4826461480044135,-0.16279006631052542,0.0,1.0,0.0,1.0,0.0,0.0,1.0,0.0,1.0,0.0,1.0,0.0,0.0,1.0,0.0
-1.2811396299948472,0.28987595411936123,-0.4917622040778215,0.2994764066077864,0.422249421128568,-0.476450649140985,-0.2850148741352573,0.0,1.0,0.0,1.0,1.0,0.0,0.0,0.0,1.0,0.0,1.0,0.0,0.0,0.0,1.0
-1.024025772499989,0.5227835565982323,0.37901895878132214,0.2994764066077864,0.422249421128568,-0.09841869632459674,-0.31760973114277335,0.0,1.0,0.0,1.0,1.0,0.0,0.0,0.0,0.0,1.0,1.0,0.0,0.0,0.0,1.0
-1.0505989924086754,2.3904223388818107,-1.1883871343651364,-2.442717196065924,0.422249421128568,1.6978702120579943,2.3417180351781384,0.0,1.0,0.0,1.0,1.0,0.0,0.0,0.0,1.0,0.0,1.0,0.0,0.0,1.0,0.0
-0.066671660654609,0.20187890882189308,0.3441877122669564,0.2994764066077864,0.422249421128568,0.156434305574092,-0.14267156996859715,0.0,1.0,0.0,1.0,1.0,0.0,0.0,0.0,1.0,0.0,1.0,0.0,0.0,1.0,0.0
-0.5054888867142693,-0.5279274320282534,-2.05916829722428,-2.442717196065924,-2.3682684924167514,-0.8111575916345962,0.4197336139278561,0.0,1.0,0.0,1.0,0.0,0.0,1.0,0.0,0.0,1.0,1.0,0.0,0.0,0.0,1.0
-0.7776848419951388,0.3402225223243804,1.2498001216404657,-2.442717196065924,0.422249421128568,-0.12985056655876837,-0.5537694996498412,0.0,1.0,0.0,1.0,0.0,1.0,0.0,0.0,0.0,1.0,1.0,0.0,0.0,0.0,1.0
-0.8688956238438734,0.4080809403398409,-1.6063620925375255,0.2994764066077864,0.422249421128568,-0.11795742647016288,0.8546690388085079,0.0,1.0,0.0,1.0,1.0,0.0,0.0,0.0,1.0,0.0,1.0,0.0,1.0,0.0,0.0
1.908364954180196,-0.5279274320282534,0.8318251634680768,0.2994764066077864,0.422249421128568,0.6164439740012251,-0.03194015195158424,0.0,1.0,0.0,1.0,1.0,0.0,0.0,0.0,1.0,0.0,1.0,0.0,0.0,1.0,0.0
1.9277562227622103,-0.5279274320282534,0.48351269832441934,0.2994764066077864,-2.3682684924167514,0.6279123590866661,0.10330604444001099,0.0,1.0,1.0,0.0,1.0,0.0,0.0,0.0,1.0,0.0,1.0,0.0,1.0,0.0,0.0
0.0173571698674536,-0.5279274320282534,0.10036898666639617,0.2994764066077864,0.422249421128568,-0.5019359493308538,-0.5026231494400781,0.0,1.0,1.0,0.0,0.0,0.0,1.0,0.0,1.0,0.0,1.0,0.0,0.0,1.0,0.0
0.23999766099428615,-0.17769043581942487,0.27452521923822487,0.2994764066077864,0.422249421128568,-0.03045789581827975,-0.24016871074899673,0.0,1.0,0.0,1.0,1.0,0.0,0.0,0.0,1.0,0.0,1.0,0.0,0.0,1.0,0.0
0.791571522882697,-0.5279274320282534,-0.28277472499162704,0.2994764066077864,0.422249421128568,-0.04405005591954315,-0.03343633660388001,0.0,1.0,0.0,1.0,1.0,0.0,0.0,0.0,0.0,1.0,0.0,1.0,0.0,0.0,1.0
-0.28213020045476955,0.45886530479012105,0.7621626704393454,-2.442717196065924,-2.3682684924167514,0.27833899148229807,-0.2051472705675787,0.0,1.0,1.0,0.0,1.0,0.0,0.0,0.0,0.0,1.0,1.0,0.0,0.0,0.0,1.0
1.0996772347969266,-0.5279274320282534,0.6925001774106139,0.2994764066077864,-2.3682684924167514,0.13816984043801928,-0.2665949734667152,0.0,1.0,1.0,0.0,1.0,0.0,0.0,0.0,1.0,0.0,1.0,0.0,1.0,0.0,0.0
-0.6419459619210376,0.691335111023731,-0.28277472499162704,0.2994764066077864,0.422249421128568,0.29108164157723254,0.2225017643966775,0.0,1.0,1.0,0.0,1.0,0.0,0.0,0.0,0.0,1.0,1.0,0.0,0.0,1.0,0.0
0.1724873185235692,-0.5279274320282534,0.2048627262094934,0.2994764066077864,0.422249421128568,-0.41018886864732595,-0.4698745210525181,0.0,1.0,1.0,0.0,1.0,0.0,0.0,0.0,0.0,1.0,1.0,0.0,1.0,0.0,0.0
-0.4020687876101922,0.11081728980759765,-0.3176059715059928,0.2994764066077864,0.422249421128568,-0.13027532156193283,-0.08410764736914687,0.0,1.0,0.0,1.0,1.0,0.0,0.0,0.0,1.0,0.0,1.0,0.0,0.0,0.0,1.0
-0.6986833774017466,0.4452936211870289,1.5981125867841233,0.2994764066077864,0.422249421128568,0.01881368454880007,-0.5472373536403449,0.0,1.0,0.0,1.0,1.0,0.0,0.0,0.0,1.0,0.0,1.0,0.0,0.0,1.0,0.0
0.5682128366231973,0.2570412357247836,0.44868145181005364,0.2994764066077864,0.422249421128568,0.585436858770218,0.09070609538559576,0.0,1.0,1.0,0.0,0.0,1.0,0.0,0.0,1.0,0.0,1.0,0.0,0.0,0.0,1.0
-0.41643269026353624,0.7999085798484679,-0.3176059715059928,-0.6145881276167837,0.422249421128568,0.5297939533556709,0.42523431329601546,0.0,1.0,0.0,1.0,1.0,0.0,0.0,0.0,1.0,0.0,1.0,0.0,0.0,0.0,1.0
-0.5701264486543174,0.45842750854486,0.6228376843818824,0.2994764066077864,0.422249421128568,0.10758748021017664,-0.26404092499496656,0.0,1.0,0.0,1.0,1.0,0.0,0.0,0.0,1.0,0.0,1.0,0.0,0.0,1.0,0.0
2.9210200912409503,-0.5279274320282534,-0.004124752876701076,0.2994764066077864,-2.3682684924167514,1.2153485284631436,0.7390429013064878,0.0,1.0,0.0,1.0,1.0,0.0,0.0,0.0,0.0,1.0,1.0,0.0,0.0,0.0,1.0
-1.1604828477067572,-0.09144457550300084,-1.8850120646524513,0.2994764066077864,0.422249421128568,-0.7750534163656153,0.27843555152356697,0.0,1.0,0.0,1.0,1.0,0.0,0.0,0.0,1.0,0.0,1.0,0.0,0.0,1.0,0.0
0.0590124875621513,-0.4219807406750828,0.1352002331807619,0.2994764066077864,0.422249421128568,-0.3745094483815095,-0.42568965157090966,0.0,1.0,0.0,1.0,0.0,0.0,1.0,0.0,0.0,1.0,1.0,0.0,0.0,1.0,0.0
1.4767296794472076,-0.5279274320282534,-2.093999543738646,0.2994764066077864,0.422249421128568,0.3611662170993719,2.3935099517686234,0.0,1.0,0.0,1.0,0.0,1.0,0.0,0.0,1.0,0.0,1.0,0.0,0.0,0.0,1.0
-0.3065488349654544,0.7788943600759382,0.9711501495255398,0.2994764066077864,0.422249421128568,0.5743932286879415,-0.10121041010134521,1.0,0.0,1.0,0.0,1.0,0.0,0.0,0.0,1.0,0.0,1.0,0.0,1.0,0.0,0.0
-1.1008726516953795,0.4391644737533744,1.0408126425542712,0.2994764066077864,0.422249421128568,-0.22499568726761215,-0.5614163470160711,0.0,1.0,1.0,0.0,1.0,0.0,0.0,0.0,1.0,0.0,1.0,0.0,0.0,1.0,0.0
-0.9220420636612463,0.021506855774346374,0.7273314239249796,0.2994764066077864,-2.3682684924167514,-0.5244479644985713,-0.6664000377747323,0.0,1.0,0.0,1.0,0.0,0.0,1.0,0.0,0.0,1.0,1.0,0.0,1.0,0.0,0.0
-0.5457078141436326,-0.5279274320282534,-1.1535558878507708,0.2994764066077864,0.422249421128568,-0.8349438718118072,-0.31834813721601685,0.0,1.0,1.0,0.0,1.0,0.0,0.0,0.0,1.0,0.0,1.0,0.0,0.0,0.0,1.0
0.003711462346776768,0.03551633562269951,-0.14344973893416407,0.2994764066077864,0.422249421128568,0.03665339468170828,-0.03456043573111466,0.0,1.0,1.0,0.0,1.0,0.0,0.0,0.0,0.0,1.0,1.0,0.0,1.0,0.0,0.0
-0.37262278717083697,0.2601058094416108,0.6576689308962481,0.2994764066077864,-2.3682684924167514,0.03198108964689898,-0.31963099016354124,0.0,1.0,0.0,1.0,1.0,0.0,0.0,0.0,0.0,1.0,1.0,0.0,0.0,1.0,0.0
-0.19881956506537413,1.0043594263853715,-0.561424697106553,0.2994764066077864,0.422249421128568,0.8568553057923215,0.8533207895995727,0.0,1.0,0.0,1.0,0.0,0.0,1.0,0.0,1.0,0.0,0.0,1.0,0.0,0.0,1.0
0.8310722551793932,0.49345120816574284,0.9014876564968083,0.2994764066077864,0.422249421128568,0.970264891637238,0.14486530041511353,0.0,1.0,0.0,1.0,1.0,0.0,0.0,0.0,1.0,0.0,1.0,0.0,0.0,0.0,1.0
-1.2617483614128326,14.285784118869412,-0.4917622040778215,0.2994764066077864,0.422249421128568,13.114010432109756,10.778266808374843,0.0,1.0,1.0,0.0,1.0,0.0,0.0,0.0,1.0,0.0,1.0,0.0,0.0,0.0,1.0
0.53158488485717,0.5451111651065451,0.2048627262094934,0.2994764066077864,0.422249421128568,0.8432631456910581,0.3666446627370503,1.0,0.0,0.0,1.0,1.0,0.0,0.0,0.0,1.0,0.0,1.0,0.0,0.0,0.0,1.0
-0.1866102478100317,0.34766505849381796,-0.1782809854485298,0.2994764066077864,0.422249421128568,0.22694363609939586,0.12162192912397354,0.0,1.0,0.0,1.0,0.0,0.0,1.0,0.0,0.0,1.0,1.0,0.0,0.0,1.0,0.0
-0.501179715918266,-0.5279274320282534,-0.3176059715059928,0.2994764066077864,0.422249421128568,-0.8086090616156093,-0.6075433688506553,0.0,1.0,0.0,1.0,0.0,1.0,0.0,0.0,1.0,0.0,0.0,1.0,0.0,1.0,0.0
-1.1116455786853876,0.18086468904936337,-0.10861849241979832,0.2994764066077864,0.422249421128568,-0.48197246418212325,-0.4261368086304073,0.0,1.0,0.0,1.0,0.0,0.0,1.0,0.0,1.0,0.0,1.0,0.0,1.0,0.0,0.0
0.8202993281893852,-0.5279274320282534,1.1801376286117342,0.2994764066077864,0.422249421128568,-0.0270598557929639,-0.4845619240829567,0.0,1.0,0.0,1.0,1.0,0.0,0.0,0.0,0.0,1.0,0.0,1.0,0.0,0.0,1.0
-1.64741914765512,-0.05248070967476866,-3.034443199626521,-3.356781730290494,0.422249421128568,-1.0252341132294946,2.612717096744724,0.0,1.0,0.0,1.0,0.0,0.0,1.0,0.0,1.0,0.0,1.0,0.0,0.0,0.0,1.0
-1.0254621627653233,-0.5279274320282534,-1.1883871343651364,0.2994764066077864,0.422249421128568,-1.1186802139256806,-0.5969488123247744,1.0,0.0,1.0,0.0,1.0,0.0,0.0,0.0,0.0,1.0,1.0,0.0,0.0,1.0,0.0
0.5911950808685478,0.019317874548041195,0.2048627262094934,0.2994764066077864,0.422249421128568,0.3683870521531681,0.04972550059650887,0.0,1.0,0.0,1.0,0.0,0.0,0.0,1.0,1.0,0.0,1.0,0.0,0.0,0.0,1.0
-0.8315494769451789,-0.5279274320282534,-1.0142309017933078,0.2994764066077864,0.422249421128568,-1.0039963630712707,-0.5482874711711582,0.0,1.0,1.0,0.0,1.0,0.0,0.0,0.0,1.0,0.0,1.0,0.0,0.0,0.0,1.0
-0.12556366153331955,-0.5279274320282534,1.075643889068637,0.2994764066077864,0.422249421128568,-0.5864621949605856,-0.765620995298292,1.0,0.0,1.0,0.0,1.0,0.0,0.0,0.0,1.0,0.0,1.0,0.0,1.0,0.0,0.0
-0.2964941031081136,-0.5279274320282534,-1.1535558878507708,0.2994764066077864,-2.3682684924167514,-0.6875538857137322,-0.16670364099052454,1.0,0.0,1.0,0.0,1.0,0.0,0.0,0.0,1.0,0.0,1.0,0.0,0.0,0.0,1.0
-1.0929725052360404,-0.1978290631014325,-0.35243721802035854,2.1276054750569267,0.422249421128568,-0.838341911837123,-0.6207400971548228,0.0,1.0,0.0,1.0,0.0,0.0,0.0,1.0,0.0,1.0,1.0,0.0,0.0,1.0,0.0
-1.4132875344056124,0.26141919817739395,-0.28277472499162704,0.2994764066077864,0.422249421128568,-0.5822146449289408,-0.4444294595033813,0.0,1.0,0.0,1.0,0.0,1.0,0.0,0.0,1.0,0.0,1.0,0.0,0.0,0.0,1.0
-0.856686306588531,0.28768697289305606,-0.004124752876701076,0.2994764066077864,-2.3682684924167514,-0.22754421728659904,-0.2789293085141741,1.0,0.0,1.0,0.0,1.0,0.0,0.0,0.0,1.0,0.0,1.0,0.0,0.0,0.0,1.0
0.19044219684024924,-0.5279274320282534,-0.979399655278942,0.2994764066077864,0.422249421128568,-0.39956999356821393,0.020112117000354934,0.0,1.0,1.0,0.0,1.0,0.0,0.0,0.0,1.0,0.0,1.0,0.0,0.0,1.0,0.0
0.3814821021297249,-0.5279274320282534,0.37901895878132214,0.2994764066077864,0.422249421128568,-0.2865851627264619,-0.43777401742937544,1.0,0.0,1.0,0.0,1.0,0.0,0.0,0.0,1.0,0.0,1.0,0.0,0.0,1.0,0.0
-0.05087136773593057,-0.5279274320282534,-0.8052434227071132,-2.442717196065924,0.422249421128568,-0.5422876746314796,-0.20494785638780189,0.0,1.0,0.0,1.0,0.0,0.0,0.0,1.0,0.0,1.0,1.0,0.0,1.0,0.0,0.0
-0.6426641570537048,0.36255013083269316,0.6228376843818824,0.2994764066077864,0.422249421128568,-0.028334120802457344,-0.34590145293562735,0.0,1.0,0.0,1.0,1.0,0.0,0.0,0.0,1.0,0.0,1.0,0.0,0.0,1.0,0.0
1.3611002630877882,-0.5279274320282534,0.7273314239249796,0.2994764066077864,0.422249421128568,0.29278066158989047,-0.18593233791825256,0.0,1.0,0.0,1.0,1.0,0.0,0.0,0.0,1.0,0.0,1.0,0.0,1.0,0.0,0.0
1.147796308685629,-0.5279274320282534,0.9711501495255398,0.2994764066077864,0.422249421128568,0.16662842565003952,-0.3283272131848326,1.0,0.0,1.0,0.0,0.0,1.0,0.0,0.0,0.0,1.0,1.0,0.0,0.0,1.0,0.0
-0.13418200312532597,1.4058185832897412,0.6576689308962481,0.2994764066077864,0.422249421128568,1.284583593978954,0.42868109951216615,0.0,1.0,0.0,1.0,1.0,0.0,0.0,0.0,0.0,1.0,1.0,0.0,0.0,1.0,0.0
-0.38842308008951537,-0.07699729940938665,-0.14344973893416407,0.2994764066077864,0.422249421128568,-0.30442487285937014,-0.28472387892947876,0.0,1.0,0.0,1.0,0.0,1.0,0.0,0.0,1.0,0.0,1.0,0.0,0.0,0.0,1.0
2.6265600868473977,0.20187890882189308,0.2048627262094934,0.2994764066077864,-2.3682684924167514,1.7492655674408966,0.9712856044595678,0.0,1.0,0.0,1.0,0.0,1.0,0.0,0.0,1.0,0.0,1.0,0.0,0.0,0.0,1.0
0.23281570966761414,-0.5279274320282534,0.6925001774106139,0.2994764066077864,0.422249421128568,-0.3745094483815095,-0.5704223694316762,0.0,1.0,0.0,1.0,0.0,0.0,1.0,0.0,0.0,1.0,1.0,0.0,0.0,1.0,0.0
0.08845848800150657,-0.5279274320282534,-2.163662036767377,-2.442717196065924,0.422249421128568,-0.45988520401757027,1.1627595210126327,0.0,1.0,0.0,1.0,1.0,0.0,0.0,0.0,1.0,0.0,1.0,0.0,1.0,0.0,0.0
0.8116809865973788,-0.5279274320282534,-0.8052434227071132,0.2994764066077864,0.422249421128568,-0.032156915830937674,0.2559013345031368,1.0,0.0,1.0,0.0,0.0,1.0,0.0,0.0,1.0,0.0,1.0,0.0,0.0,1.0,0.0
-1.287603386188852,0.0031194134733828734,-1.9895058041955487,0.2994764066077864,0.422249421128568,-0.7584879712422006,0.4186790757070174,0.0,1.0,1.0,0.0,1.0,0.0,0.0,0.0,1.0,0.0,1.0,0.0,0.0,0.0,1.0
-0.8401678185371853,-0.3068403281714304,0.9014876564968083,0.2994764066077864,0.422249421128568,-0.7945921465111815,-0.8531320925236703,1.0,0.0,0.0,1.0,1.0,0.0,0.0,0.0,1.0,0.0,1.0,0.0,0.0,1.0,0.0
0.6278230326345751,-0.5279274320282534,0.5531751913531509,0.2994764066077864,0.422249421128568,-0.14089419664104486,-0.39480423888075705,0.0,1.0,0.0,1.0,1.0,0.0,0.0,0.0,0.0,1.0,1.0,0.0,1.0,0.0,0.0
0.53158488485717,0.5451111651065451,0.2048627262094934,0.2994764066077864,0.422249421128568,0.8432631456910581,0.3666446627370503,0.0,1.0,0.0,1.0,1.0,0.0,0.0,0.0,1.0,0.0,1.0,0.0,0.0,0.0,1.0
0.29242590567899185,0.5665631811243358,1.2498001216404657,0.2994764066077864,0.422249421128568,0.7226327247923454,-0.1058933518670516,0.0,1.0,1.0,0.0,1.0,0.0,0.0,0.0,1.0,0.0,1.0,0.0,1.0,0.0,0.0
-0.7130472800550905,0.21632618491550726,0.10036898666639617,0.2994764066077864,0.422249421128568,-0.21182828216951322,-0.3036352706273763,0.0,1.0,0.0,1.0,1.0,0.0,0.0,0.0,0.0,1.0,1.0,0.0,1.0,0.0,0.0
-0.98524323533596,-0.5279274320282534,-1.536699599508794,0.2994764066077864,-2.3682684924167514,-1.0948939337484695,-0.4107734051238487,0.0,1.0,0.0,1.0,1.0,0.0,0.0,0.0,1.0,0.0,1.0,0.0,0.0,0.0,1.0
1.606004803327304,-0.5279274320282534,1.1801376286117342,0.2994764066077864,0.422249421128568,0.4376221176689785,-0.2369154231667874,0.0,1.0,0.0,1.0,1.0,0.0,0.0,0.0,1.0,0.0,1.0,0.0,1.0,0.0,0.0
-1.2107565069934614,0.507460688014096,0.5531751913531509,0.2994764066077864,0.422249421128568,-0.2237214222581187,-0.44551252304028055,1.0,0.0,1.0,0.0,1.0,0.0,0.0,0.0,0.0,1.0,1.0,0.0,0.0,0.0,1.0
-0.3058306398327872,-0.5279274320282534,-1.0490621483076734,0.2994764066077864,0.422249421128568,-0.6930757007548705,-0.22774601341927597,0.0,1.0,1.0,0.0,1.0,0.0,0.0,0.0,1.0,0.0,1.0,0.0,0.0,0.0,1.0
-1.1956744092074503,0.19180959518088925,-0.14344973893416407,0.2994764066077864,0.422249421128568,-0.5210499244732555,-0.4436072612846041,1.0,0.0,0.0,1.0,1.0,0.0,0.0,0.0,0.0,1.0,1.0,0.0,0.0,1.0,0.0
2.508057889957309,-0.5279274320282534,-0.700749683164016,0.2994764066077864,0.422249421128568,0.9711144016435669,1.0662979892789306,0.0,1.0,1.0,0.0,1.0,0.0,0.0,0.0,1.0,0.0,0.0,1.0,0.0,1.0,0.0
-0.7848667933218108,-0.5279274320282534,-1.2928808739082336,0.2994764066077864,0.422249421128568,-0.9763872878655794,-0.3996073765055203,1.0,0.0,1.0,0.0,1.0,0.0,0.0,0.0,1.0,0.0,1.0,0.0,0.0,0.0,1.0
1.908364954180196,0.04120768681109298,0.1352002331807619,0.2994764066077864,0.422249421128568,1.1686254781150507,0.6230521389977757,0.0,1.0,0.0,1.0,0.0,0.0,1.0,0.0,1.0,0.0,0.0,1.0,1.0,0.0,0.0
2.3191725700658354,-0.5279274320282534,1.2846313681548316,0.2994764066077864,0.422249421128568,0.8594038358113084,-0.044757756377160264,0.0,1.0,1.0,0.0,1.0,0.0,0.0,0.0,1.0,0.0,0.0,1.0,1.0,0.0,0.0
0.19116039197291643,0.9168001773331643,1.3194626146691972,-2.442717196065924,0.422249421128568,1.0025462718777385,0.018823335024815493,0.0,1.0,0.0,1.0,1.0,0.0,0.0,0.0,1.0,0.0,1.0,0.0,1.0,0.0,0.0
2.6861702828587752,-0.5279274320282534,0.5531751913531509,0.2994764066077864,0.422249421128568,1.0764536424283582,0.35047751702280344,0.0,1.0,1.0,0.0,1.0,0.0,0.0,0.0,0.0,1.0,1.0,0.0,1.0,0.0,0.0
2.5906503302140376,-0.5279274320282534,0.5531751913531509,0.2994764066077864,0.422249421128568,1.0199612270074823,0.3158918668011798,1.0,0.0,1.0,0.0,1.0,0.0,0.0,0.0,1.0,0.0,1.0,0.0,1.0,0.0,0.0
-2.429533647129703,0.7491242153981877,-0.21311223196289555,0.2994764066077864,0.422249421128568,-0.7100659008814497,-0.5625605339406963,1.0,0.0,0.0,1.0,0.0,0.0,1.0,0.0,0.0,1.0,1.0,0.0,0.0,1.0,0.0
-0.4293602026515459,-0.5279274320282534,-1.536699599508794,0.2994764066077864,0.422249421128568,-0.7661335612991612,-0.01152719708046798,1.0,0.0,1.0,0.0,1.0,0.0,0.0,0.0,1.0,0.0,1.0,0.0,0.0,0.0,1.0
0.9100737197727854,-0.1645565484615938,0.7273314239249796,0.2994764066077864,0.422249421128568,0.37858117222911564,-0.13548822390005674,0.0,1.0,0.0,1.0,1.0,0.0,0.0,0.0,1.0,0.0,1.0,0.0,0.0,1.0,0.0
-0.4257692269882099,0.9675845417834444,-1.6760245855662568,-2.442717196065924,0.422249421128568,0.686953304526529,1.9853463582271256,0.0,1.0,0.0,1.0,1.0,0.0,0.0,0.0,1.0,0.0,1.0,0.0,0.0,1.0,0.0
0.49423873795847556,-0.5279274320282534,-0.14344973893416407,0.2994764066077864,0.422249421128568,-0.21989862722963838,-0.22272820620659653,0.0,1.0,0.0,1.0,0.0,0.0,0.0,1.0,1.0,0.0,1.0,0.0,0.0,0.0,1.0
-1.1705375795640982,-0.5279274320282534,-1.7805183251093541,0.2994764066077864,0.422249421128568,-1.2044807245649058,-0.412597886551169,1.0,0.0,1.0,0.0,1.0,0.0,0.0,0.0,0.0,1.0,1.0,0.0,0.0,1.0,0.0
0.20265151409559165,-0.5279274320282534,-1.2928808739082336,0.2994764066077864,0.422249421128568,-0.39234915851441776,0.2366362718384253,0.0,1.0,0.0,1.0,0.0,1.0,0.0,0.0,1.0,0.0,1.0,0.0,0.0,0.0,1.0
-0.36184986018082893,0.03245176190587226,0.5880064378675166,0.2994764066077864,-2.3682684924167514,-0.182520186951164,-0.429600907182742,0.0,1.0,0.0,1.0,0.0,1.0,0.0,0.0,1.0,0.0,1.0,0.0,0.0,1.0,0.0
3.613360199132133,-0.5279274320282534,1.5981125867841233,0.2994764066077864,0.422249421128568,1.6248123515137034,0.24064142751999315,1.0,0.0,1.0,0.0,0.0,1.0,0.0,0.0,1.0,0.0,0.0,1.0,0.0,1.0,0.0
-0.8724865995072094,-0.5279274320282534,-3.313093171741447,0.2994764066077864,0.422249421128568,-1.0282073982516462,5.9259963837279885,1.0,0.0,1.0,0.0,1.0,0.0,0.0,0.0,1.0,0.0,1.0,0.0,0.0,0.0,1.0
-0.1815828818813613,0.2207041473681176,1.5981125867841233,0.2994764066077864,-2.3682684924167514,0.10673797020384768,-0.5041030220613472,0.0,1.0,0.0,1.0,0.0,0.0,1.0,0.0,1.0,0.0,1.0,0.0,1.0,0.0,0.0
-0.16865536949335166,-0.5279274320282534,-0.840074669221479,-4.636472078204893,0.422249421128568,-0.6119474951504545,-0.25197028696297546,0.0,1.0,1.0,0.0,1.0,0.0,0.0,0.0,0.0,1.0,1.0,0.0,0.0,1.0,0.0
0.13083200082887148,-0.5279274320282534,0.2048627262094934,0.2994764066077864,0.422249421128568,-0.43482465883086585,-0.4863157656000598,0.0,1.0,0.0,1.0,1.0,0.0,0.0,0.0,1.0,0.0,1.0,0.0,0.0,1.0,0.0
0.002275072081442364,-0.5279274320282534,-0.14344973893416407,-1.5286526618413538,0.422249421128568,-0.510855804397308,-0.4361303962325982,0.0,1.0,1.0,0.0,0.0,1.0,0.0,0.0,0.0,1.0,1.0,0.0,0.0,0.0,1.0
-0.4351057637128835,-0.5279274320282534,-0.561424697106553,0.2994764066077864,-2.3682684924167514,-0.7695316013244771,-0.5003873305770141,0.0,1.0,1.0,0.0,1.0,0.0,0.0,0.0,1.0,0.0,1.0,0.0,0.0,1.0,0.0
0.29242590567899185,0.4680590259406028,1.3891251076979287,0.2994764066077864,0.422249421128568,0.6270628490803372,-0.194732932750379,1.0,0.0,1.0,0.0,1.0,0.0,0.0,0.0,1.0,0.0,1.0,0.0,0.0,1.0,0.0
-0.066671660654609,-0.5279274320282534,-0.8052434227071132,-0.6145881276167837,0.422249421128568,-0.5516322847010982,-0.21338972333168268,0.0,1.0,1.0,0.0,1.0,0.0,0.0,0.0,1.0,0.0,1.0,0.0,0.0,1.0,0.0
-0.24334766329074065,-0.5279274320282534,-1.8850120646524513,0.2994764066077864,0.422249421128568,-0.6561220154795606,0.4511853421042262,0.0,1.0,1.0,0.0,1.0,0.0,0.0,0.0,1.0,0.0,1.0,0.0,0.0,0.0,1.0
0.43606493221243225,0.09812119869502763,0.8666564099824425,0.2994764066077864,0.422249421128568,0.35309587203924675,-0.1937313898190095,0.0,1.0,0.0,1.0,0.0,0.0,1.0,0.0,0.0,1.0,1.0,0.0,1.0,0.0,0.0
-0.2225200044433918,0.36298792707795424,1.5284500937553918,0.2994764066077864,0.422249421128568,0.22057231105192865,-0.43338302467825374,0.0,1.0,0.0,1.0,0.0,0.0,1.0,0.0,1.0,0.0,1.0,0.0,0.0,0.0,1.0
1.3697186046797944,-0.5279274320282534,0.03070649363766467,0.2994764066077864,-2.3682684924167514,0.29787772162786424,0.07621120098669279,1.0,0.0,0.0,1.0,1.0,0.0,0.0,0.0,1.0,0.0,0.0,1.0,1.0,0.0,0.0
1.7611349519834194,-0.5279274320282534,0.37901895878132214,0.2994764066077864,-2.3682684924167514,0.5293691983525065,0.0832995580933389,0.0,1.0,1.0,0.0,1.0,0.0,0.0,0.0,0.0,1.0,1.0,0.0,1.0,0.0,0.0
0.6852786432479513,-0.5279274320282534,0.37901895878132214,0.2994764066077864,0.422249421128568,-0.10691379638788637,-0.323034755354358,1.0,0.0,1.0,0.0,1.0,0.0,0.0,0.0,1.0,0.0,1.0,0.0,0.0,1.0,0.0
-0.9277876247225839,-0.09634789879103871,-0.9097371622502105,-2.442717196065924,0.422249421128568,-0.6421900565577766,-0.24730485577943617,0.0,1.0,0.0,1.0,0.0,0.0,1.0,0.0,1.0,0.0,1.0,0.0,0.0,0.0,1.0
0.28380756408698543,-0.5279274320282534,-1.8850120646524513,-1.5286526618413538,0.422249421128568,-0.34435184315683137,0.9040365788406687,0.0,1.0,0.0,1.0,0.0,1.0,0.0,0.0,1.0,0.0,1.0,0.0,0.0,0.0,1.0
0.7111336680239705,0.1322693058253884,0.8318251634680768,0.2994764066077864,0.422249421128568,0.5489079284980726,-0.07072276689672714,0.0,1.0,0.0,1.0,0.0,1.0,0.0,0.0,1.0,0.0,1.0,0.0,1.0,0.0,0.0
-0.301521469036784,-0.5279274320282534,-1.0490621483076734,0.2994764066077864,0.422249421128568,-0.6905271707358835,-0.22522880218510072,0.0,1.0,0.0,1.0,0.0,0.0,0.0,1.0,0.0,1.0,1.0,0.0,0.0,1.0,0.0
-0.7661937198724635,0.25266327327217325,1.4239563542122946,0.2994764066077864,0.422249421128568,-0.2080054871410329,-0.6277613379350794,0.0,1.0,1.0,0.0,1.0,0.0,0.0,0.0,1.0,0.0,1.0,0.0,1.0,0.0,0.0
0.7111336680239705,-0.5279274320282534,0.27452521923822487,0.2994764066077864,0.422249421128568,-0.09162261627396505,-0.2802658808509044,1.0,0.0,0.0,1.0,1.0,0.0,0.0,0.0,1.0,0.0,1.0,0.0,1.0,0.0,0.0
-0.472451910611578,-0.5279274320282534,-0.21311223196289555,0.2994764066077864,0.422249421128568,-0.79161886148903,-0.6235838365873707,0.0,1.0,1.0,0.0,1.0,0.0,0.0,0.0,1.0,0.0,1.0,0.0,0.0,1.0,0.0
-0.796357915444486,0.47987952456265076,1.1453063820973686,0.2994764066077864,0.422249421128568,-0.00539735063157536,-0.4651664585209135,1.0,0.0,0.0,1.0,1.0,0.0,0.0,0.0,1.0,0.0,1.0,0.0,0.0,1.0,0.0
0.4296011760184274,-0.5279274320282534,0.5531751913531509,0.2994764066077864,0.422249421128568,-0.2581265775144417,-0.4665759641526981,0.0,1.0,1.0,0.0,1.0,0.0,0.0,0.0,1.0,0.0,1.0,0.0,1.0,0.0,0.0
4.388292747280044,-0.5279274320282534,0.27452521923822487,0.2994764066077864,0.422249421128568,2.083122999928179,1.1454112783280377,0.0,1.0,0.0,1.0,0.0,0.0,1.0,0.0,1.0,0.0,1.0,0.0,0.0,0.0,1.0
0.25005239285162695,0.49476459690152597,1.0408126425542712,0.2994764066077864,0.422249421128568,0.6279123590866661,-0.09340151755088216,0.0,1.0,0.0,1.0,1.0,0.0,0.0,0.0,1.0,0.0,1.0,0.0,0.0,1.0,0.0
-0.6807284990850665,0.9780916516697092,0.5531751913531509,0.2994764066077864,-2.3682684924167514,0.5463593984790858,0.025944498401853103,1.0,0.0,0.0,1.0,1.0,0.0,0.0,0.0,1.0,0.0,1.0,0.0,0.0,0.0,1.0
0.45473800566177947,-0.0726193369567763,0.2048627262094934,0.2994764066077864,0.422249421128568,0.1984850508873756,-0.0636623928348118,0.0,1.0,0.0,1.0,0.0,0.0,1.0,0.0,0.0,1.0,1.0,0.0,0.0,0.0,1.0
-0.5169800088369445,0.2916271391004054,0.9711501495255398,0.2994764066077864,-2.3682684924167514,-0.02281230576131909,-0.43384189461736955,0.0,1.0,0.0,1.0,0.0,0.0,1.0,0.0,1.0,0.0,1.0,0.0,0.0,1.0,0.0
0.7886987423520283,-0.5279274320282534,-0.14344973893416407,0.2994764066077864,0.422249421128568,-0.04574907593220107,-0.09499842823482901,0.0,1.0,0.0,1.0,0.0,0.0,0.0,1.0,1.0,0.0,1.0,0.0,0.0,1.0,0.0
0.9280285980894655,-0.5279274320282534,-1.9546745576811828,0.2994764066077864,0.422249421128568,0.03665339468170828,1.5804678470159421,0.0,1.0,1.0,0.0,1.0,0.0,0.0,0.0,0.0,1.0,1.0,0.0,1.0,0.0,0.0
0.4116462977017474,-0.5279274320282534,-2.093999543738646,0.2994764066077864,0.422249421128568,-0.2687454525935537,1.3565587683569573,1.0,0.0,1.0,0.0,1.0,0.0,0.0,0.0,1.0,0.0,1.0,0.0,0.0,1.0,0.0
-0.8387314282718509,0.4965157818825701,1.354293861183563,0.2994764066077864,0.422249421128568,-0.014317205698029465,-0.515223772805597,0.0,1.0,0.0,1.0,1.0,0.0,0.0,0.0,1.0,0.0,1.0,0.0,0.0,1.0,0.0
0.08917668313417378,-0.5279274320282534,0.5531751913531509,0.2994764066077864,0.422249421128568,-0.45946044901440575,-0.5898361010327704,0.0,1.0,0.0,1.0,0.0,0.0,1.0,0.0,1.0,0.0,1.0,0.0,0.0,1.0,0.0
-1.8442046140059334,0.6860815560805986,0.27452521923822487,0.2994764066077864,0.422249421128568,-0.42505529375808276,-0.4988511484203322,0.0,1.0,0.0,1.0,1.0,0.0,0.0,0.0,1.0,0.0,1.0,0.0,1.0,0.0,0.0
-0.44013312964155393,0.38400214685048395,0.5531751913531509,0.2994764066077864,0.422249421128568,0.11225978524498594,-0.23981891909062375,0.0,1.0,1.0,0.0,1.0,0.0,0.0,0.0,1.0,0.0,1.0,0.0,1.0,0.0,0.0
-0.4781974716729156,0.5249725378245375,0.23969397272385914,0.2994764066077864,0.422249421128568,0.2265188810962314,-0.0584485745207824,0.0,1.0,1.0,0.0,1.0,0.0,0.0,0.0,0.0,1.0,1.0,0.0,0.0,1.0,0.0
1.190169821512994,-0.5279274320282534,-0.35243721802035854,0.2994764066077864,0.422249421128568,0.1916889708367439,0.1824490137498022,0.0,1.0,0.0,1.0,0.0,0.0,0.0,1.0,1.0,0.0,1.0,0.0,0.0,0.0,1.0
0.3879458583237297,-0.5279274320282534,0.6228376843818824,0.2994764066077864,0.422249421128568,-0.2827623676979816,-0.4991341286745517,0.0,1.0,1.0,0.0,1.0,0.0,0.0,0.0,1.0,0.0,1.0,0.0,0.0,1.0,0.0
-0.7130472800550905,0.22376872108494486,-0.1782809854485298,-0.6145881276167837,0.422249421128568,-0.20460744711571704,-0.19806389761629195,1.0,0.0,1.0,0.0,1.0,0.0,0.0,0.0,1.0,0.0,0.0,1.0,0.0,1.0,0.0
-0.8724865995072094,-0.5279274320282534,-2.0243370507099145,0.2994764066077864,0.422249421128568,-1.0282073982516462,0.03558820154315698,1.0,0.0,1.0,0.0,1.0,0.0,0.0,0.0,1.0,0.0,1.0,0.0,1.0,0.0,0.0
-0.404941568140861,-0.5279274320282534,-0.1782809854485298,0.2994764066077864,0.422249421128568,-0.7516918911915689,-0.6033349063185185,0.0,1.0,0.0,1.0,0.0,0.0,0.0,1.0,1.0,0.0,1.0,0.0,0.0,0.0,1.0
-1.0161256260406497,-0.5279274320282534,-1.3277121204225995,-0.6145881276167837,-2.3682684924167514,-1.1131583988845424,-0.5335621314936253,0.0,1.0,0.0,1.0,0.0,1.0,0.0,0.0,1.0,0.0,0.0,1.0,1.0,0.0,0.0
0.11144073224685704,0.20231670506715413,0.2048627262094934,0.2994764066077864,0.422249421128568,0.2621983013620478,-0.021141932798066438,0.0,1.0,1.0,0.0,1.0,0.0,0.0,0.0,0.0,1.0,1.0,0.0,0.0,1.0,0.0
-0.3115762008941248,-0.326103362962916,0.1352002331807619,-3.905220450825236,0.422249421128568,-0.5006616843213605,-0.5114249424596791,0.0,1.0,0.0,1.0,0.0,0.0,1.0,0.0,1.0,0.0,1.0,0.0,0.0,0.0,1.0
0.7606891321780074,-0.5279274320282534,0.2048627262094934,0.2994764066077864,0.422249421128568,-0.06231452105561584,-0.23771280925188917,0.0,1.0,0.0,1.0,0.0,0.0,1.0,0.0,0.0,1.0,1.0,0.0,1.0,0.0,0.0
-0.4767610814075812,0.49345120816574284,1.2149688751261,0.2994764066077864,0.422249421128568,0.1967860308747177,-0.37377423180185126,1.0,0.0,0.0,1.0,1.0,0.0,0.0,0.0,1.0,0.0,1.0,0.0,0.0,1.0,0.0
0.4116462977017474,-0.5279274320282534,0.4138502052956879,0.2994764066077864,-2.3682684924167514,-0.2687454525935537,-0.43603986439080034,1.0,0.0,1.0,0.0,1.0,0.0,0.0,0.0,1.0,0.0,1.0,0.0,0.0,1.0,0.0
-0.12556366153331955,-0.5279274320282534,0.7969939169537111,0.2994764066077864,0.422249421128568,-0.5864621949605856,-0.716196431888301,0.0,1.0,1.0,0.0,1.0,0.0,0.0,0.0,1.0,0.0,1.0,0.0,0.0,1.0,0.0
0.9610655741921568,-0.5279274320282534,0.8318251634680768,0.2994764066077864,0.422249421128568,0.05619212482727441,-0.3536651149241856,0.0,1.0,0.0,1.0,0.0,0.0,0.0,1.0,0.0,1.0,1.0,0.0,0.0,1.0,0.0
-1.4757705109476589,0.09593221746872244,-2.581636994939766,0.2994764066077864,0.422249421128568,-0.7797257214004246,1.4510444122634125,0.0,1.0,0.0,1.0,0.0,1.0,0.0,0.0,1.0,0.0,1.0,0.0,0.0,0.0,1.0
-0.7848667933218108,-0.5279274320282534,-1.7108558320806226,0.2994764066077864,0.422249421128568,-0.9763872878655794,-0.15172024078709986,0.0,1.0,1.0,0.0,1.0,0.0,0.0,0.0,1.0,0.0,1.0,0.0,0.0,1.0,0.0
1.0106210383461935,-0.5279274320282534,-1.118724641336405,0.2994764066077864,-2.3682684924167514,0.08550022004562362,0.5987325947440084,0.0,1.0,0.0,1.0,0.0,0.0,1.0,0.0,1.0,0.0,1.0,0.0,0.0,1.0,0.0
-0.16362800356468124,0.311327970137152,0.27452521923822487,0.2994764066077864,-2.3682684924167514,0.20528113093800732,-0.08562753431456059,0.0,1.0,0.0,1.0,0.0,0.0,1.0,0.0,0.0,1.0,1.0,0.0,1.0,0.0,0.0
-0.46383356901957157,0.20056552008610998,-1.1883871343651364,-2.442717196065924,-2.3682684924167514,-0.07972947618535957,0.4870474339415694,0.0,1.0,0.0,1.0,0.0,0.0,0.0,1.0,0.0,1.0,1.0,0.0,0.0,0.0,1.0
0.9510108423348159,-0.5279274320282534,0.9014876564968083,0.2994764066077864,-2.3682684924167514,0.05024555478297168,-0.37539038023600707,0.0,1.0,1.0,0.0,1.0,0.0,0.0,0.0,1.0,0.0,1.0,0.0,1.0,0.0,0.0
-0.9622609910906096,0.36211233458743214,0.2048627262094934,0.2994764066077864,0.422249421128568,-0.21777485221381596,-0.34146273174154745,0.0,1.0,0.0,1.0,1.0,0.0,0.0,0.0,0.0,1.0,1.0,0.0,1.0,0.0,0.0
-0.24909322435207826,0.09242984750663416,1.1801376286117342,0.2994764066077864,0.422249421128568,-0.05764221602080655,-0.5008604140884083,0.0,1.0,0.0,1.0,1.0,0.0,0.0,0.0,1.0,0.0,1.0,0.0,0.0,1.0,0.0
-0.7489570366884507,0.36605250079478147,0.7621626704393454,0.2994764066077864,0.422249421128568,-0.08779982124548472,-0.4187138142545005,0.0,1.0,1.0,0.0,1.0,0.0,0.0,0.0,0.0,1.0,1.0,0.0,1.0,0.0,0.0
-0.8954688437525599,0.1725465603894037,0.9711501495255398,0.2994764066077864,0.422249421128568,-0.36219155328973957,-0.6228693171837305,0.0,1.0,1.0,0.0,1.0,0.0,0.0,0.0,0.0,1.0,1.0,0.0,0.0,1.0,0.0
-0.483224837601586,-0.5208701561868967,-0.5962559436209187,0.2994764066077864,0.422249421128568,-0.7911431355286916,-0.5065795992045555,0.0,1.0,0.0,1.0,1.0,0.0,0.0,0.0,1.0,0.0,1.0,0.0,1.0,0.0,0.0
0.2220427826776061,0.20144111257663205,0.17003147969512766,0.2994764066077864,0.422249421128568,0.32676106184304893,0.03629418922005336,0.0,1.0,1.0,0.0,1.0,0.0,0.0,0.0,0.0,1.0,1.0,0.0,1.0,0.0,0.0
-0.25914795620941905,0.3257752462307662,0.1352002331807619,0.2994764066077864,0.422249421128568,0.1628056306215592,-0.060520820007631974,0.0,1.0,0.0,1.0,1.0,0.0,0.0,0.0,1.0,0.0,1.0,0.0,1.0,0.0,0.0
-1.006070894183309,0.23471362721647077,-2.05916829722428,0.2994764066077864,0.422249421128568,-0.36728861332771334,1.1345395214586194,0.0,1.0,0.0,1.0,0.0,0.0,1.0,0.0,0.0,1.0,1.0,0.0,0.0,1.0,0.0
0.723342985279313,-0.5279274320282534,-1.0838933948220393,-2.442717196065924,0.422249421128568,-0.08440178122016886,0.3995271518321333,0.0,1.0,0.0,1.0,1.0,0.0,0.0,0.0,1.0,0.0,1.0,0.0,0.0,1.0,0.0
-0.038662050480588135,0.07448020145093169,-1.7108558320806226,0.2994764066077864,0.422249421128568,0.049396044776642715,1.2052139401355333,0.0,1.0,0.0,1.0,1.0,0.0,0.0,0.0,1.0,0.0,1.0,0.0,1.0,0.0,0.0
-1.2732394835355079,0.22464431357546694,-0.14344973893416407,0.2994764066077864,0.422249421128568,-0.5350668395776834,-0.4538879507311123,0.0,1.0,0.0,1.0,1.0,0.0,0.0,0.0,1.0,0.0,1.0,0.0,0.0,0.0,1.0
0.2744710273623118,0.5801348647274279,-1.7108558320806226,0.2994764066077864,0.422249421128568,0.7251812548113323,2.099161054772349,0.0,1.0,1.0,0.0,1.0,0.0,0.0,0.0,0.0,1.0,1.0,0.0,1.0,0.0,0.0
-1.2674939224741704,0.05434157416892405,-0.14344973893416407,0.2994764066077864,-2.3682684924167514,-0.6968984957833507,-0.5725831834317058,0.0,1.0,0.0,1.0,1.0,0.0,0.0,0.0,1.0,0.0,1.0,0.0,0.0,0.0,1.0
-0.4257692269882099,0.20144111257663205,-0.14344973893416407,2.1276054750569267,-2.3682684924167514,-0.0563679510113131,-0.10278682933066859,0.0,1.0,0.0,1.0,1.0,0.0,0.0,0.0,0.0,1.0,1.0,0.0,0.0,0.0,1.0
-0.942151527375928,-0.5279274320282534,0.3093564657525906,0.2994764066077864,0.422249421128568,-1.0694086335586008,-0.9268351913105717,0.0,1.0,0.0,1.0,0.0,0.0,1.0,0.0,0.0,1.0,1.0,0.0,1.0,0.0,0.0
-0.7798394273931404,-0.5279274320282534,-1.6760245855662568,0.2994764066077864,0.422249421128568,-0.973414002843428,-0.17249985106921767,1.0,0.0,1.0,0.0,1.0,0.0,0.0,0.0,1.0,0.0,1.0,0.0,1.0,0.0,0.0
-0.03291648941925052,-0.5279274320282534,-0.840074669221479,0.2994764066077864,-2.3682684924167514,-0.5316687995523676,-0.17855162596619523,0.0,1.0,1.0,0.0,0.0,0.0,1.0,0.0,1.0,0.0,1.0,0.0,1.0,0.0,0.0
0.8009080596073708,0.07929596014880308,1.5981125867841233,0.2994764066077864,0.422249421128568,0.5506069485107306,-0.28634758003210814,0.0,1.0,0.0,1.0,0.0,0.0,1.0,0.0,1.0,0.0,1.0,0.0,0.0,1.0,0.0
-0.725256597310433,0.5043961142972687,0.5531751913531509,0.2994764066077864,0.422249421128568,0.060439674858919226,-0.27154410200068463,0.0,1.0,0.0,1.0,1.0,0.0,0.0,0.0,0.0,1.0,1.0,0.0,0.0,0.0,1.0
-0.066671660654609,-0.053794098410551765,1.075643889068637,0.2994764066077864,0.422249421128568,-0.09162261627396505,-0.4960850497271297,0.0,1.0,0.0,1.0,0.0,1.0,0.0,0.0,0.0,1.0,1.0,0.0,0.0,0.0,1.0
-0.0688262460526106,0.3319043936644207,0.4138502052956879,0.2994764066077864,0.422249421128568,0.28131227650444945,-0.08777185709838167,0.0,1.0,0.0,1.0,1.0,0.0,0.0,0.0,1.0,0.0,1.0,0.0,1.0,0.0,0.0
-0.9909887963972976,-0.5279274320282534,-1.3277121204225995,0.2994764066077864,0.422249421128568,-1.0982919737737855,-0.5171251178376297,1.0,0.0,1.0,0.0,1.0,0.0,0.0,0.0,0.0,1.0,1.0,0.0,1.0,0.0,0.0
0.07050360968482654,-0.5279274320282534,0.2048627262094934,0.2994764066077864,0.422249421128568,-0.4705040790966823,-0.510127223220637,0.0,1.0,1.0,0.0,1.0,0.0,0.0,0.0,0.0,1.0,1.0,0.0,1.0,0.0,0.0
0.7290885463406506,0.7176028857393931,1.2498001216404657,-2.442717196065924,0.422249421128568,1.127424242808096,0.10677529229687402,1.0,0.0,0.0,1.0,0.0,1.0,0.0,0.0,1.0,0.0,1.0,0.0,0.0,1.0,0.0
1.0465307949795537,-0.5279274320282534,0.48351269832441934,0.2994764066077864,0.422249421128568,0.10673797020384768,-0.22112863878825773,0.0,1.0,1.0,0.0,1.0,0.0,0.0,0.0,1.0,0.0,1.0,0.0,0.0,1.0,0.0
0.8310722551793932,-0.5279274320282534,-0.35243721802035854,0.2994764066077864,0.422249421128568,-0.020688530745496682,0.01684301150142592,0.0,1.0,1.0,0.0,1.0,0.0,0.0,0.0,1.0,0.0,1.0,0.0,0.0,1.0,0.0
-0.3144489814247936,0.2509120882911291,1.2498001216404657,0.2994764066077864,0.422249421128568,0.057466389836767856,-0.4553572519307528,0.0,1.0,0.0,1.0,0.0,1.0,0.0,0.0,1.0,0.0,1.0,0.0,0.0,1.0,0.0
0.005147852612111171,-0.5279274320282534,-0.840074669221479,0.2994764066077864,0.422249421128568,-0.5091567843846501,-0.15796332420519354,0.0,1.0,1.0,0.0,1.0,0.0,0.0,0.0,1.0,0.0,1.0,0.0,0.0,0.0,1.0
0.698924350768628,-0.5279274320282534,-0.14344973893416407,0.2994764066077864,0.422249421128568,-0.09884345132776122,-0.13394043371402642,0.0,1.0,0.0,1.0,0.0,0.0,1.0,0.0,1.0,0.0,1.0,0.0,0.0,0.0,1.0
1.7288161710133954,-0.5279274320282534,1.2846313681548316,0.2994764066077864,0.422249421128568,0.5102552232101049,-0.2269010340613252,0.0,1.0,1.0,0.0,1.0,0.0,0.0,0.0,1.0,0.0,1.0,0.0,0.0,0.0,1.0
0.7894169374846955,-0.5279274320282534,0.06553774015203041,0.2994764066077864,0.422249421128568,-0.04532432092903659,-0.1766528987891536,0.0,1.0,1.0,0.0,0.0,1.0,0.0,0.0,1.0,0.0,0.0,1.0,1.0,0.0,0.0
-0.1866102478100317,-0.5279274320282534,-1.1883871343651364,0.2994764066077864,0.422249421128568,-0.6225663702295665,-0.07932509374787772,0.0,1.0,1.0,0.0,1.0,0.0,0.0,0.0,1.0,0.0,1.0,0.0,0.0,0.0,1.0
-0.7130472800550905,0.30870119266558577,0.4138502052956879,0.2994764066077864,-2.3682684924167514,-0.12220497650180769,-0.34325804005421007,0.0,1.0,0.0,1.0,1.0,0.0,0.0,0.0,0.0,1.0,1.0,0.0,0.0,1.0,0.0
-0.9048053804772335,0.10731491984550937,-0.07378724590543256,2.1276054750569267,-2.3682684924167514,-0.43100186380238553,-0.40045195765919134,0.0,1.0,1.0,0.0,1.0,0.0,0.0,0.0,0.0,1.0,1.0,0.0,0.0,0.0,1.0
1.371873190077796,1.4377777091937967,-1.1883871343651364,0.2994764066077864,0.422249421128568,2.2063019508458783,2.872193712521071,0.0,1.0,0.0,1.0,1.0,0.0,0.0,0.0,1.0,0.0,0.0,1.0,0.0,1.0,0.0
2.165478811675054,-0.5279274320282534,1.1453063820973686,-2.442717196065924,0.422249421128568,0.7685062651341094,-0.04973540157639958,0.0,1.0,0.0,1.0,0.0,1.0,0.0,0.0,0.0,1.0,1.0,0.0,0.0,0.0,1.0
-1.133909627798071,0.3165815250802844,-1.0490621483076734,0.2994764066077864,0.422249421128568,-0.363465818299233,0.09781330620073195,0.0,1.0,1.0,0.0,1.0,0.0,0.0,0.0,1.0,0.0,1.0,0.0,0.0,0.0,1.0
1.5155122166112365,-0.5279274320282534,0.9014876564968083,0.2994764066077864,0.422249421128568,0.3841029872702539,-0.1865995376728581,0.0,1.0,0.0,1.0,0.0,0.0,0.0,1.0,0.0,1.0,0.0,1.0,1.0,0.0,0.0
-0.3661590309768321,0.421214827697672,0.7621626704393454,0.2994764066077864,0.422249421128568,0.1921137258399084,-0.2554419438488375,0.0,1.0,0.0,1.0,0.0,0.0,1.0,0.0,0.0,1.0,1.0,0.0,0.0,0.0,1.0
1.585177144479955,-0.5279274320282534,0.9711501495255398,0.2994764066077864,0.422249421128568,0.42530422257720857,-0.18424999122874536,0.0,1.0,1.0,0.0,1.0,0.0,0.0,0.0,0.0,1.0,0.0,1.0,0.0,1.0,0.0
-0.799948891107822,-0.5279274320282534,-1.5715308460231596,0.2994764066077864,0.422249421128568,-0.9853071429320335,-0.2563792912080201,0.0,1.0,1.0,0.0,1.0,0.0,0.0,0.0,1.0,0.0,1.0,0.0,0.0,0.0,1.0
-0.725256597310433,0.49213781942995977,0.7273314239249796,0.2994764066077864,0.422249421128568,0.04854653477031375,-0.32952325653440423,0.0,1.0,0.0,1.0,0.0,0.0,1.0,0.0,1.0,0.0,1.0,0.0,1.0,0.0,0.0
0.07122180481749374,-0.5279274320282534,-0.3872684645347243,0.2994764066077864,0.422249421128568,-0.47007932409351777,-0.32057040924973385,1.0,0.0,1.0,0.0,1.0,0.0,0.0,0.0,1.0,0.0,1.0,0.0,1.0,0.0,0.0
0.2988896618729967,0.22376872108494486,0.4138502052956879,0.2994764066077864,0.422249421128568,0.39387235234303697,-0.016504658694913892,0.0,1.0,0.0,1.0,0.0,0.0,1.0,0.0,1.0,0.0,1.0,0.0,0.0,1.0,0.0
-0.03722566021525373,-0.5279274320282534,0.27452521923822487,0.2994764066077864,0.422249421128568,-0.5342173295713545,-0.5704134589494313,1.0,0.0,1.0,0.0,0.0,1.0,0.0,0.0,1.0,0.0,1.0,0.0,0.0,1.0,0.0
0.19116039197291643,-0.5279274320282534,-0.28277472499162704,0.2994764066077864,0.422249421128568,-0.3991452385650494,-0.30462043348153056,0.0,1.0,0.0,1.0,0.0,0.0,1.0,0.0,1.0,0.0,1.0,0.0,0.0,1.0,0.0
-0.16290980843201405,0.4352243075460251,1.075643889068637,0.2994764066077864,0.422249421128568,0.32591155183672,-0.26865686561000274,0.0,1.0,0.0,1.0,1.0,0.0,0.0,0.0,1.0,0.0,1.0,0.0,1.0,0.0,0.0
-0.856686306588531,-0.5279274320282534,-1.0142309017933078,0.2994764066077864,0.422249421128568,-1.0188627881820276,-0.5627779963678912,0.0,1.0,0.0,1.0,1.0,0.0,0.0,0.0,1.0,0.0,1.0,0.0,0.0,0.0,1.0
-0.3632862504461633,0.43960226999863544,1.1104751355830027,0.2994764066077864,-2.3682684924167514,0.21165245598547452,-0.3398384708593652,0.0,1.0,0.0,1.0,1.0,0.0,0.0,0.0,1.0,0.0,1.0,0.0,0.0,1.0,0.0
-0.664928206166388,0.18349146652092957,-0.700749683164016,0.2994764066077864,0.422249421128568,-0.21522632219482907,0.03239049265368519,1.0,0.0,1.0,0.0,1.0,0.0,0.0,0.0,1.0,0.0,1.0,0.0,0.0,0.0,1.0
-0.6283002544003607,-0.5279274320282534,-1.1883871343651364,0.2994764066077864,0.422249421128568,-0.8837906971757225,-0.35187525378622647,0.0,1.0,1.0,0.0,1.0,0.0,0.0,0.0,1.0,0.0,1.0,0.0,0.0,1.0,0.0
1.129841430368949,-0.5279274320282534,0.8318251634680768,0.2994764066077864,0.422249421128568,0.1560095505709275,-0.2963448978668988,0.0,1.0,1.0,0.0,1.0,0.0,0.0,0.0,1.0,0.0,0.0,1.0,0.0,1.0,0.0
-0.12700005179865395,0.7049067946268232,0.3093564657525906,0.2994764066077864,0.422249421128568,0.6087983839442644,0.16368033349498615,1.0,0.0,0.0,1.0,1.0,0.0,0.0,0.0,1.0,0.0,1.0,0.0,0.0,1.0,0.0
-0.7848667933218108,-0.5279274320282534,-0.28277472499162704,2.1276054750569267,0.422249421128568,-0.9763872878655794,-0.7454567823532134,0.0,1.0,1.0,0.0,1.0,0.0,0.0,0.0,1.0,0.0,1.0,0.0,0.0,1.0,0.0
4.115378596866507,-0.5279274320282534,-1.0142309017933078,-2.442717196065924,0.422249421128568,1.9217160987256758,2.3034478875458815,0.0,1.0,0.0,1.0,1.0,0.0,0.0,0.0,1.0,0.0,1.0,0.0,0.0,0.0,1.0
-1.045571626480005,3.403482850415847,1.1453063820973686,0.2994764066077864,-2.3682684924167514,2.683726574402755,0.9783538606424876,1.0,0.0,1.0,0.0,1.0,0.0,0.0,0.0,1.0,0.0,1.0,0.0,0.0,1.0,0.0
-0.11694531994131313,0.019317874548041195,0.8318251634680768,0.2994764066077864,-2.3682684924167514,-0.05042138096701037,-0.4148879850577132,0.0,1.0,0.0,1.0,0.0,0.0,0.0,1.0,1.0,0.0,1.0,0.0,0.0,1.0,0.0
-1.0448534313473379,-0.5279274320282534,-0.1782809854485298,0.2994764066077864,-2.3682684924167514,-1.1301485990111215,-0.8836893075247947,1.0,0.0,1.0,0.0,1.0,0.0,0.0,0.0,1.0,0.0,1.0,0.0,0.0,1.0,0.0
-0.09109029516529386,0.0018060247375997662,0.9014876564968083,0.2994764066077864,0.422249421128568,-0.052120400979668295,-0.433276630945573,0.0,1.0,0.0,1.0,0.0,1.0,0.0,0.0,1.0,0.0,0.0,1.0,1.0,0.0,0.0
-0.5155436185716101,0.23821599717855904,0.03070649363766467,0.2994764066077864,0.422249421128568,-0.07378290614105683,-0.18352462801135005,0.0,1.0,0.0,1.0,1.0,0.0,0.0,0.0,0.0,1.0,1.0,0.0,0.0,1.0,0.0
-0.3539497137214897,0.08498731133719654,0.3093564657525906,0.2994764066077864,0.422249421128568,-0.12687728153661698,-0.31436899299532667,0.0,1.0,0.0,1.0,0.0,0.0,1.0,0.0,1.0,0.0,1.0,0.0,0.0,0.0,1.0
0.5854495198072102,-0.5279274320282534,0.5531751913531509,0.2994764066077864,0.422249421128568,-0.16595474182774925,-0.41014674537004875,1.0,0.0,1.0,0.0,1.0,0.0,0.0,0.0,0.0,1.0,1.0,0.0,0.0,1.0,0.0
0.19690595303425404,-0.5279274320282534,-1.4670371064800625,0.2994764066077864,0.422249421128568,-0.3957471985397336,0.37494627636327194,1.0,0.0,1.0,0.0,0.0,1.0,0.0,0.0,0.0,1.0,0.0,1.0,0.0,1.0,0.0
1.2914353352190695,-0.5279274320282534,0.9014876564968083,0.2994764066077864,0.422249421128568,0.2515794262829358,-0.2615394141101384,0.0,1.0,0.0,1.0,0.0,0.0,1.0,0.0,1.0,0.0,1.0,0.0,0.0,0.0,1.0
0.5380486410511749,-0.44518394167391767,0.6925001774106139,0.2994764066077864,0.422249421128568,-0.11370987643851807,-0.4158655996533116,0.0,1.0,0.0,1.0,0.0,0.0,0.0,1.0,1.0,0.0,1.0,0.0,0.0,1.0,0.0
0.49567512822381,0.5153410204287946,0.7969939169537111,0.2994764066077864,0.422249421128568,0.7931420553176493,0.08223150645168324,1.0,0.0,0.0,1.0,0.0,0.0,1.0,0.0,1.0,0.0,1.0,0.0,0.0,1.0,0.0
2.2911629598918144,-0.5279274320282534,0.9014876564968083,0.2994764066077864,0.422249421128568,0.8428383906878936,0.0728077269177284,0.0,1.0,1.0,0.0,1.0,0.0,0.0,0.0,0.0,1.0,1.0,0.0,0.0,1.0,0.0
-1.174128555227434,0.5385442214276296,0.936318903011174,0.2994764066077864,0.422249421128568,-0.171901311872052,-0.5090062292742138,0.0,1.0,0.0,1.0,0.0,1.0,0.0,0.0,0.0,1.0,1.0,0.0,1.0,0.0,0.0
-1.5447172436837102,-0.5279274320282534,-2.4074807623679377,0.2994764066077864,0.422249421128568,-1.4257780812136005,-0.2960603294134228,0.0,1.0,1.0,0.0,1.0,0.0,0.0,0.0,0.0,1.0,1.0,0.0,0.0,0.0,1.0
-1.2732394835355079,0.24653412583851872,-0.3176059715059928,0.2994764066077864,0.422249421128568,-0.5138290894194594,-0.38007662451241686,0.0,1.0,0.0,1.0,1.0,0.0,0.0,0.0,0.0,1.0,1.0,0.0,1.0,0.0,0.0
-0.5457078141436326,0.28506019542148986,0.7621626704393454,0.2994764066077864,0.422249421128568,-0.046173830935365555,-0.394433627153203,0.0,1.0,1.0,0.0,1.0,0.0,0.0,0.0,1.0,0.0,1.0,0.0,1.0,0.0,0.0
-0.4566516176928996,-0.5279274320282534,-0.8052434227071132,0.2994764066077864,0.422249421128568,-0.7822742514194115,-0.42175034835564573,0.0,1.0,0.0,1.0,0.0,0.0,1.0,0.0,1.0,0.0,1.0,0.0,0.0,1.0,0.0
-1.2042927507994565,1.6886349577283701,-1.2928808739082336,0.2994764066077864,0.422249421128568,0.9260903713081319,1.6729273878090487,0.0,1.0,1.0,0.0,1.0,0.0,0.0,0.0,1.0,0.0,1.0,0.0,1.0,0.0,0.0
1.0106210383461935,-0.5279274320282534,0.9711501495255398,0.2994764066077864,0.422249421128568,0.08550022004562362,-0.3735139937983183,1.0,0.0,1.0,0.0,1.0,0.0,0.0,0.0,1.0,0.0,1.0,0.0,1.0,0.0,0.0
0.25507975878029737,0.23077346100912144,1.5632813402697574,0.2994764066077864,-2.3682684924167514,0.3747583772006353,-0.3647242580789829,0.0,1.0,0.0,1.0,1.0,0.0,0.0,0.0,1.0,0.0,1.0,0.0,1.0,0.0,0.0
-1.102309041960714,0.40632975535879673,-0.561424697106553,0.2994764066077864,0.422249421128568,-0.2577018225112772,-0.07437054164706175,0.0,1.0,0.0,1.0,1.0,0.0,0.0,0.0,1.0,0.0,1.0,0.0,0.0,0.0,1.0
-0.41355990973286744,-0.23766852142018677,-0.07378724590543256,0.2994764066077864,0.422249421128568,-0.47517638413149155,-0.43222258488664694,1.0,0.0,0.0,1.0,1.0,0.0,0.0,0.0,0.0,1.0,1.0,0.0,0.0,1.0,0.0
-1.148991725584082,0.18349146652092957,0.3093564657525906,-2.442717196065924,0.422249421128568,-0.5015111943276894,-0.5578098163004398,0.0,1.0,0.0,1.0,0.0,0.0,1.0,0.0,0.0,1.0,1.0,0.0,0.0,1.0,0.0
0.1846966357789116,-0.09757372293665534,-0.14344973893416407,0.2994764066077864,0.422249421128568,0.014566134517155258,-0.050760310010460684,0.0,1.0,0.0,1.0,0.0,0.0,0.0,1.0,0.0,1.0,1.0,0.0,0.0,1.0,0.0
-0.36400444557883055,-0.5279274320282534,0.5531751913531509,0.2994764066077864,0.422249421128568,-0.7274808560111934,-0.753922907723331,1.0,0.0,1.0,0.0,1.0,0.0,0.0,0.0,1.0,0.0,1.0,0.0,0.0,1.0,0.0
0.11287712251219144,-0.5279274320282534,-0.14344973893416407,0.2994764066077864,0.422249421128568,-0.4454435339099779,-0.38815384548222703,0.0,1.0,1.0,0.0,1.0,0.0,0.0,0.0,1.0,0.0,1.0,0.0,0.0,0.0,1.0
0.019511755265455205,-0.5279274320282534,-2.755793227511595,-3.356781730290494,0.422249421128568,-0.5006616843213605,2.8245016957738978,0.0,1.0,1.0,0.0,1.0,0.0,0.0,0.0,0.0,1.0,1.0,0.0,0.0,1.0,0.0
1.5988228520006318,1.661053794276925,0.5531751913531509,0.2994764066077864,0.422249421128568,2.5571495834597395,1.256985612305362,0.0,1.0,0.0,1.0,0.0,0.0,1.0,0.0,1.0,0.0,1.0,0.0,1.0,0.0,0.0
-0.7130472800550905,1.0043594263853715,0.37901895878132214,0.2994764066077864,0.422249421128568,0.552730723526553,0.09821837467519698,0.0,1.0,0.0,1.0,1.0,0.0,0.0,0.0,1.0,0.0,1.0,0.0,0.0,0.0,1.0
-0.9048053804772335,0.1357716757874767,-0.3176059715059928,0.2994764066077864,0.422249421128568,-0.40339278859669425,-0.29485853585543986,0.0,1.0,0.0,1.0,1.0,0.0,0.0,0.0,0.0,1.0,1.0,0.0,0.0,0.0,1.0
0.11287712251219144,-0.5279274320282534,0.4138502052956879,0.2994764066077864,0.422249421128568,-0.4454435339099779,-0.5479159192430368,0.0,1.0,0.0,1.0,0.0,1.0,0.0,0.0,1.0,0.0,1.0,0.0,0.0,1.0,0.0
-0.301521469036784,0.7946550249053355,1.1453063820973686,0.2994764066077864,0.422249421128568,0.5926576938240141,-0.14413082285797407,0.0,1.0,0.0,1.0,1.0,0.0,0.0,0.0,1.0,0.0,1.0,0.0,0.0,0.0,1.0
-0.6656464012990553,0.38400214685048395,-0.3176059715059928,0.2994764066077864,0.422249421128568,-0.021113285748661163,0.00012715564948043625,0.0,1.0,0.0,1.0,0.0,0.0,0.0,1.0,1.0,0.0,1.0,0.0,1.0,0.0,0.0
-0.7848667933218108,0.3993250154346202,-0.004124752876701076,0.2994764066077864,0.422249421128568,-0.0767561911632082,-0.17254716706986004,0.0,1.0,0.0,1.0,1.0,0.0,0.0,0.0,1.0,0.0,1.0,0.0,0.0,1.0,0.0
-0.5105162526429396,0.27893104798783536,0.6576689308962481,2.1276054750569267,0.422249421128568,-0.03130740582460871,-0.3574399089026666,0.0,1.0,0.0,1.0,0.0,1.0,0.0,0.0,1.0,0.0,1.0,0.0,0.0,1.0,0.0
-0.7848667933218108,-0.5279274320282534,-0.3872684645347243,0.2994764066077864,0.422249421128568,-0.9763872878655794,-0.7195751687094389,1.0,0.0,1.0,0.0,1.0,0.0,0.0,0.0,1.0,0.0,0.0,1.0,0.0,0.0,1.0
-1.5030619259890126,0.2601058094416108,-0.03895599939106682,0.2994764066077864,-2.3682684924167514,-0.6365832853339944,-0.558000900149188,1.0,0.0,1.0,0.0,1.0,0.0,0.0,0.0,1.0,0.0,1.0,0.0,0.0,1.0,0.0
-0.725256597310433,0.39801162669883705,0.5531751913531509,0.2994764066077864,0.422249421128568,-0.0427757909100497,-0.3347344253379368,0.0,1.0,0.0,1.0,1.0,0.0,0.0,0.0,1.0,0.0,1.0,0.0,0.0,0.0,1.0
1.4968391431618893,0.09549442122346141,-0.14344973893416407,0.2994764066077864,0.422249421128568,0.9779104816941986,0.6558034374040967,0.0,1.0,0.0,1.0,0.0,0.0,0.0,1.0,1.0,0.0,0.0,1.0,1.0,0.0,0.0
-0.5148254234389429,0.15503471057896226,-0.4917622040778215,0.2994764066077864,0.422249421128568,-0.1540616017391438,-0.02257485672604483,1.0,0.0,1.0,0.0,0.0,1.0,0.0,0.0,1.0,0.0,1.0,0.0,0.0,0.0,1.0
-0.37621376283417296,-0.5279274320282534,-1.1535558878507708,2.1276054750569267,0.422249421128568,-0.7347016910649896,-0.21521239914911136,0.0,1.0,1.0,0.0,1.0,0.0,0.0,0.0,1.0,0.0,1.0,0.0,0.0,0.0,1.0
-0.19953776019804134,-0.5279274320282534,-0.28277472499162704,0.2994764066077864,0.422249421128568,-0.6302119602865273,-0.48108472618660436,0.0,1.0,0.0,1.0,0.0,1.0,0.0,0.0,1.0,0.0,1.0,0.0,0.0,1.0,0.0
0.45761078619244827,-0.5279274320282534,0.27452521923822487,0.2994764066077864,0.422249421128568,-0.24156113239102692,-0.37855963811460885,1.0,0.0,1.0,0.0,1.0,0.0,0.0,0.0,1.0,0.0,1.0,0.0,0.0,1.0,0.0
0.8346632308427292,-0.5279274320282534,-0.3176059715059928,0.2994764066077864,-2.3682684924167514,-0.018564755729674278,0.0020937269261799047,0.0,1.0,0.0,1.0,0.0,0.0,0.0,1.0,0.0,1.0,1.0,0.0,0.0,1.0,0.0
-0.3719045920381698,0.5297882965224088,1.2149688751261,0.2994764066077864,0.422249421128568,0.29405492659938387,-0.3223062521030882,0.0,1.0,0.0,1.0,1.0,0.0,0.0,0.0,1.0,0.0,1.0,0.0,1.0,0.0,0.0
-1.174128555227434,0.10950390107181456,-1.536699599508794,-0.6145881276167837,0.422249421128568,-0.5881612149732436,0.2046022101161423,0.0,1.0,0.0,1.0,0.0,0.0,1.0,0.0,0.0,1.0,1.0,0.0,0.0,0.0,1.0
-0.007061464643231259,-0.5279274320282534,-0.28277472499162704,0.2994764066077864,0.422249421128568,-0.5163776194384463,-0.3941501113980754,0.0,1.0,1.0,0.0,1.0,0.0,0.0,0.0,1.0,0.0,1.0,0.0,0.0,0.0,1.0
0.15884161100289235,0.12132439969386251,0.6925001774106139,-0.6145881276167837,0.422249421128568,0.21165245598547452,-0.22304721911548211,0.0,1.0,0.0,1.0,1.0,0.0,0.0,0.0,0.0,1.0,1.0,0.0,0.0,1.0,0.0
0.9747112817128335,-0.5279274320282534,0.7273314239249796,0.2994764066077864,0.422249421128568,0.06426246988739956,-0.32028349307562587,0.0,1.0,1.0,0.0,1.0,0.0,0.0,0.0,1.0,0.0,1.0,0.0,0.0,0.0,1.0
-0.725256597310433,0.4207770314524109,-0.004124752876701076,0.2994764066077864,0.422249421128568,-0.020688530745496682,-0.1329909905328192,0.0,1.0,1.0,0.0,1.0,0.0,0.0,0.0,0.0,1.0,0.0,1.0,1.0,0.0,0.0
-0.3065488349654544,0.37568401819052427,-0.004124752876701076,0.2994764066077864,-2.3682684924167514,0.18319387077345428,0.01084965142005613,0.0,1.0,0.0,1.0,1.0,0.0,0.0,0.0,1.0,0.0,1.0,0.0,0.0,0.0,1.0
0.4274465906204258,-0.5279274320282534,0.37901895878132214,-2.442717196065924,0.422249421128568,-0.25940084252393514,-0.42041393995230414,0.0,1.0,0.0,1.0,1.0,0.0,0.0,0.0,0.0,1.0,1.0,0.0,0.0,1.0,0.0
1.6002592422659663,-0.5279274320282534,1.3891251076979287,0.2994764066077864,0.422249421128568,0.43422407764366266,-0.29325137243275795,0.0,1.0,0.0,1.0,1.0,0.0,0.0,0.0,1.0,0.0,1.0,0.0,0.0,0.0,1.0
-0.26130254160742067,0.6711964837417234,0.2048627262094934,0.2994764066077864,0.422249421128568,0.4966630631088414,0.135333360137156,0.0,1.0,1.0,0.0,1.0,0.0,0.0,0.0,1.0,0.0,1.0,0.0,0.0,0.0,1.0
0.9294649883547998,-0.5279274320282534,1.0059813960399056,0.2994764066077864,0.422249421128568,0.03750290468803724,-0.408875642188859,0.0,1.0,0.0,1.0,1.0,0.0,0.0,0.0,0.0,1.0,1.0,0.0,1.0,0.0,0.0
1.546394607315926,-0.5279274320282534,1.3891251076979287,-3.905220450825236,0.422249421128568,0.4023674524063266,-0.30952644506751203,0.0,1.0,0.0,1.0,0.0,0.0,1.0,0.0,1.0,0.0,0.0,1.0,1.0,0.0,0.0
-0.82867669641451,0.9312474534267785,0.8666564099824425,0.2994764066077864,0.422249421128568,0.4134110824886031,-0.1593617748908465,0.0,1.0,0.0,1.0,1.0,0.0,0.0,0.0,1.0,0.0,1.0,0.0,1.0,0.0,0.0
0.7276521560753162,-0.5279274320282534,-0.8052434227071132,0.2994764066077864,0.422249421128568,-0.08185325120118198,0.2110059512106808,1.0,0.0,1.0,0.0,0.0,1.0,0.0,0.0,0.0,1.0,1.0,0.0,1.0,0.0,0.0
1.346736360434444,-0.07612170691886459,-2.720961980997229,0.2994764066077864,0.422249421128568,0.7226327247923454,6.01852720409536,0.0,1.0,0.0,1.0,0.0,1.0,0.0,0.0,1.0,0.0,1.0,0.0,0.0,1.0,0.0
-0.25555698054608306,-0.5279274320282534,-2.581636994939766,0.2994764066077864,0.422249421128568,-0.6633428505333567,1.729155653458589,1.0,0.0,1.0,0.0,1.0,0.0,0.0,0.0,1.0,0.0,1.0,0.0,0.0,0.0,1.0
0.15740522073755794,-0.5279274320282534,0.27452521923822487,0.2994764066077864,0.422249421128568,-0.41910872371378005,-0.4949528124382022,1.0,0.0,1.0,0.0,0.0,1.0,0.0,0.0,1.0,0.0,1.0,0.0,1.0,0.0,0.0
0.499266103887146,0.9006017162585059,1.0059813960399056,-2.442717196065924,0.422249421128568,1.169050233118215,0.21667013466217183,0.0,1.0,0.0,1.0,0.0,0.0,1.0,0.0,0.0,1.0,1.0,0.0,0.0,0.0,1.0
0.023102730928791216,-0.5279274320282534,0.1352002331807619,0.2994764066077864,0.422249421128568,-0.49853790930553804,-0.5099815873942115,1.0,0.0,0.0,1.0,1.0,0.0,0.0,0.0,1.0,0.0,1.0,0.0,0.0,1.0,0.0
-1.2797032397295127,0.20144111257663205,-1.7456870785949883,0.2994764066077864,0.422249421128568,-0.5614016497738813,0.4327549586026663,1.0,0.0,1.0,0.0,1.0,0.0,0.0,0.0,1.0,0.0,1.0,0.0,0.0,0.0,1.0
1.7647259276467555,1.369043698687814,0.5531751913531509,-2.442717196065924,0.422249421128568,2.371956402080026,1.1436070897743245,0.0,1.0,1.0,0.0,1.0,0.0,0.0,0.0,1.0,0.0,0.0,1.0,0.0,0.0,1.0
-0.13130922259465716,-0.5279274320282534,-0.561424697106553,0.2994764066077864,0.422249421128568,-0.5898602349859015,-0.35083952832193527,1.0,0.0,1.0,0.0,1.0,0.0,0.0,0.0,1.0,0.0,1.0,0.0,0.0,0.0,1.0
-0.6017270344916743,-0.5279274320282534,-1.362543366936965,-0.6145881276167837,0.422249421128568,-0.8680747620586367,-0.2429827692988675,0.0,1.0,1.0,0.0,1.0,0.0,0.0,0.0,0.0,1.0,1.0,0.0,1.0,0.0,0.0
